{"cameraMode":{"drawMode":0,"name":"Shaded","section":"Shading Mode"},"sceneLighting":true,"audioPlay":false,"sceneViewState":{"showFog":true,"showMaterialUpdate":false,"showSkybox":true,"showFlares":true,"showImageEffects":true,"showParticleSystems":true},"in2DMode":false,"pivot":{"x":2.097712516784668,"y":4.5728864669799809,"z":-1.3334541320800782},"rotation":{"x":0.02698327600955963,"y":0.03148339316248894,"z":-0.000850269861984998,"w":0.999139666557312},"size":12.98991870880127,"orthographic":false}